ema9,ema15,ema_distance,volatility,label
27937.644565,27934.07431,3.570255,3.845,0
27937.715634,27934.561126,3.154508,3.845,1
